Date,AAPL,SPY
2020-01-03,-0.009721510044914061,-0.007572442550614289
2020-01-06,0.007967821820107357,0.0038154217114554356
2020-01-07,-0.004702658836538198,-0.0028118158380833203
2020-01-08,0.01608611847824659,0.005329483583532912
2020-01-09,0.021240969696261214,0.006780667932844153
2020-01-10,0.0022604776830728035,-0.002877811987789136
2020-01-13,0.021364299568730427,0.006877469796496394
2020-01-14,-0.013502949080027027,-0.0015249473380982703
2020-01-15,-0.004285748701268299,0.0022598101449453623
2020-01-16,0.012526692822566021,0.008318401278000875
2020-01-17,0.011070730144502106,0.0031128394460242514
2020-01-21,-0.006776788696858604,-0.001958462842070796
2020-01-22,0.0035693293817864458,0.0001208549839981643
2020-01-23,0.004815867127057061,0.0011469253732545592
2020-01-24,-0.0028816598043207575,-0.008893286998820193
2020-01-27,-0.02940548879919691,-0.016029101641020005
2020-01-28,0.028289484265629383,0.010479067259270947
2020-01-29,0.020931909054264786,-0.0008260357140412733
2020-01-30,-0.0014485270819625251,0.003245325527866383
2020-01-31,-0.044339055744919253,-0.01815801941569084
2020-02-03,-0.0027462666786922663,0.0074287952692859704
2020-02-04,0.03301375540670759,0.015241231843398761
2020-02-05,0.008154199104325466,0.011548112144373235
2020-02-06,0.011696926738295366,0.003364567890743908
2020-02-07,-0.01359290349397635,-0.005329541268699223
2020-02-10,0.004749852794226017,0.007465268667846026
2020-02-11,-0.006033417998757562,0.0017330529690193774
2020-02-12,0.023747867552537105,0.006442708136715547
2020-02-13,-0.007120832783275799,-0.0010667789362672764
2020-02-14,0.000245899360875379,0.0016019267902911416
2020-02-18,-0.0183102374318016,-0.002577045530508082
2020-02-19,0.0144827363668254,0.004781533077617528
2020-02-20,-0.010259461909756018,-0.004108450215317139
2020-02-21,-0.022634611794020154,-0.010298235659936483
2020-02-24,-0.04750032679685823,-0.03316555620800732
2020-02-25,-0.03387205434269025,-0.03030181881756555
2020-02-26,0.01586346103427494,-0.003678505458692749
2020-02-27,-0.0653682320674468,-0.044911491759592415
2020-02-28,-0.0005851669584420183,-0.004201649074021985
2020-03-02,0.0931009899489641,0.043306189306927756
2020-03-03,-0.03175962626658624,-0.028632047906375746
2020-03-04,0.046385004706492206,0.0420329640995889
2020-03-05,-0.03243704692218674,-0.033241877148424304
2020-03-06,-0.01328052541734881,-0.01653099599010699
2020-03-09,-0.07909160131050974,-0.07809424333452852
2020-03-10,0.072021694696496,0.05174471760065891
2020-03-11,-0.03473086586095653,-0.0487485983131708
2020-03-12,-0.09875455334905814,-0.09567699859205547
2020-03-13,0.11980837345958162,0.08548600253007921
2020-03-16,-0.1286470485334109,-0.10942353466105781
2020-03-17,0.043969953405643025,0.05399218595978872
2020-03-18,-0.024479798735654423,-0.050633053521002114
2020-03-19,-0.0076619889873909,0.00212517205670415
2020-03-20,-0.06348577860228077,-0.043094484326432037
2020-03-23,-0.02124413921532975,-0.02556811710071827
2020-03-24,0.10032550484563152,0.09060336601156083
2020-03-25,-0.005508783236375603,0.01496997750915896
2020-03-26,0.052623074059624964,0.058389834772134774
2020-03-27,-0.04140217289247339,-0.029785561724237963
2020-03-30,0.02853783011624733,0.032475782222488814
2020-03-31,-0.0020407233889502274,-0.014905516115017892
2020-04-01,-0.05261704776975473,-0.04500488384109025
2020-04-02,0.016686666322835553,0.023075460756968535
2020-04-03,-0.014371546116431988,-0.014454195368996725
2020-04-06,0.08723769131802639,0.06716604430058681
2020-04-07,-0.011582636979831085,0.0010198629800015624
2020-04-08,0.02559495682183388,0.033568285369367956
2020-04-09,0.0072160086545585145,0.01521718930039806
2020-04-13,0.019627450176427308,-0.009130047855825718
2020-04-14,0.050503279838196136,0.029493039495268825
2020-04-15,-0.009127283787180418,-0.02124817506293697
2020-04-16,0.007945595969098163,0.004824118933299815
2020-04-17,-0.013568684817353405,0.02701568829757517
2020-04-20,-0.020756588735298842,-0.017618307529215338
2020-04-21,-0.03091027732686502,-0.0303629970823992
2020-04-22,0.028803737871325508,0.022194362138851842
2020-04-23,-0.003875598868598229,-7.184517317604389e-05
2020-04-24,0.028869587619634096,0.013938727128485873
2020-04-27,0.0007067799433839728,0.014418662111750136
2020-04-28,-0.016209555976429812,-0.004598311327153937
2020-04-29,0.03284536678871497,0.026178166809114334
2020-04-30,0.02109613562524193,-0.009310593102364484
2020-05-01,-0.01609928508641978,-0.02647320746919457
2020-05-04,0.014148940667251253,0.00275800358717726
2020-05-05,0.015009003183156677,0.00923947484848009
2020-05-06,0.010316701940662254,-0.006778352748804006
2020-05-07,0.010345267988843165,0.012066318325251624
2020-05-08,0.023801489589031277,0.01654624344996436
2020-05-11,0.01573524809702498,0.00020524950586287005
2020-05-12,-0.011428105876995942,-0.019931561974390166
2020-05-13,-0.012074415921895953,-0.01768606564686237
2020-05-14,0.006143748756367584,0.011967549728132854
2020-05-15,-0.005912333232720779,0.0045969242232708485
2020-05-18,0.023561674284262812,0.030459541782545285
2020-05-19,-0.005778495729466093,-0.010271326422461091
2020-05-20,0.0194477839405518,0.016988317419080134
2020-05-21,-0.007455285353222041,-0.006904264047178699
2020-05-22,0.006438428102447213,0.0018991732533719663
2020-05-26,-0.006773670148185307,0.012320607967835073
2020-05-27,0.004357476091944035,0.014878788490984007
2020-05-28,0.0004397173454930847,-0.0018445038619299137
2020-05-29,-0.0009739386562119812,0.004455743573233972
2020-06-01,0.012297872648093566,0.004042049445178275
2020-06-02,0.004629326595640304,0.008279940793305851
2020-06-03,0.005505148799808124,0.013308124714773273
2020-06-04,-0.008612287352738113,-0.002626605098819068
2020-06-05,0.028481091496735056,0.02562958126152748
2020-06-08,0.005912328639599229,0.012087348189522729
2020-06-09,0.031578007997624,-0.007456754184627434
2020-06-10,0.02572761625615727,-0.005579990191189044
2020-06-11,-0.048010634699500176,-0.057648787994117545
2020-06-12,0.008633453140323377,0.011975523490853401
2020-06-15,0.012367353718120366,0.009335696231596247
2020-06-16,0.026502403454415457,0.019247866955408366
2020-06-17,-0.0013917738215939446,-0.00415396806369861
2020-06-18,0.00039847256661018626,0.00038475750956212806
2020-06-19,-0.005714895022052691,-0.005714731109278004
2020-06-22,0.02616374165060975,0.006415195047503319
2020-06-23,0.02134478685617691,0.004603739878907165
2020-06-24,-0.017652025147662176,-0.025508850323821775
2020-06-25,0.01327571741707212,0.01072052483386976
2020-06-26,-0.03072586906245134,-0.023751417545244458
2020-06-29,0.0230466509194458,0.014697521610163022
2020-06-30,0.008347484883011402,0.012809609161011482
2020-07-01,-0.0018915577119756888,0.00700510075781402
2020-07-02,0.0,0.005506701009968085
2020-07-06,0.026750455494075398,0.015437282394659357
2020-07-07,-0.003102924209993807,-0.01031399549963552
2020-07-08,0.023290291350649417,0.0076487549639587815
2020-07-09,0.004300034167754152,-0.0056926819426309505
2020-07-10,0.0017494167309124453,0.010210133488095963
2020-07-13,-0.004613027588459162,-0.00865873538148254
2020-07-14,0.016548258684069728,0.012958924962599427
2020-07-15,0.00687729748845789,0.009187364042382073
2020-07-16,-0.01230486113953011,-0.0032936123269071693
2020-07-17,-0.002020190980596359,0.0028993550096845233
2020-07-20,0.021073797848030207,0.00808165614465084
2020-07-21,-0.0138017135043903,0.0021274832825675105
2020-07-22,0.002809426707652385,0.005691788151211741
2020-07-23,-0.045516462418918935,-0.011931755841521396
2020-07-24,-0.00247736270295984,-0.006440339812666451
2020-07-27,0.02370045560439138,0.007292553501061283
2020-07-28,-0.016427701820630025,-0.0063423038106692475
2020-07-29,0.019168362409154316,0.012298439778440473
2020-07-30,0.012100402835954593,-0.0035676154213867273
2020-07-31,0.10468839477614611,0.007901913751113376
2020-08-03,0.02519769592023713,0.006952187036688651
2020-08-04,0.006678045217236361,0.003862557221580687
2020-08-05,0.0036247300009382144,0.00621117079412814
2020-08-06,0.03488926181745411,0.006684388062948576
2020-08-07,-0.022735811707825793,0.0007180493260241505
2020-08-10,0.014534858021775454,0.0029889844733839155
2020-08-11,-0.02973996742552021,-0.008254779007413227
2020-08-12,0.03323432018141803,0.013942333285925201
2020-08-13,0.017697546471296732,-0.0018078173407062303
2020-08-14,-0.0008911936768226658,2.9635328451682597e-05
2020-08-17,-0.0026107233950359854,0.003176871940512971
2020-08-18,0.008332711084982458,0.0021602789024237623
2020-08-19,0.0012547485725806773,-0.004163664477630835
2020-08-20,0.02218940848822415,0.0031138006971527243
2020-08-21,0.05153270487069617,0.0035472478978519906
2020-08-24,0.011960113535999906,0.010133177654490844
2020-08-25,-0.008203706725024018,0.0034995400389714604
2020-08-26,0.013598985672753638,0.010025070360007104
2020-08-27,-0.011954275512607415,0.0021867779389055375
2020-08-28,-0.0016198805591891574,0.006459194345742603
2020-08-31,0.03391200233418634,-0.0036227661886972795
2020-09-01,0.03983261220485668,0.009418901826447446
2020-09-02,-0.020718395930769407,0.01446391525182067
2020-09-03,-0.08006077347735885,-0.03441423248515263
2020-09-04,0.0006617950834086894,-0.008164587113013266
2020-09-08,-0.06729499950787998,-0.02732289471007998
2020-09-09,0.03988662886653738,0.019747005809529927
2020-09-10,-0.03264575635845102,-0.017363463284180702
2020-09-11,-0.01312885845051126,0.0005090285750941614
2020-09-14,0.030000010524546816,0.013171314655888944
2020-09-15,0.0015602896110051834,0.005052512950622923
2020-09-16,-0.029513689570309753,-0.003968579399571959
2020-09-17,-0.0159633486337033,-0.008795454849201745
2020-09-18,-0.03172025152345004,-0.011512521567401235
2020-09-21,0.03032561531835598,-0.011129558430903574
2020-09-22,0.015715801473536573,0.010184221766090795
2020-09-23,-0.04194602063575792,-0.023191111077444426
2020-09-24,0.01026857259981706,0.0026656310527446436
2020-09-25,0.037516520683885224,0.01616701080656968
2020-09-28,0.023868725891965425,0.016609425821613177
2020-09-29,-0.0075676748696977825,-0.00544618419362386
2020-09-30,0.015075536100643827,0.007582019519091876
2020-10-01,0.008462310551210939,0.00642001508787593
2020-10-02,-0.032280310126424294,-0.009494405635321113
2020-10-05,0.030791205595865012,0.01773302965372947
2020-10-06,-0.028669542522527403,-0.014216012776330667
2020-10-07,0.016967003284511728,0.017406783426155092
2020-10-08,-0.0009557962827124733,0.008862483829611634
2020-10-09,0.017395634837392926,0.008930285757844159
2020-10-12,0.06352079944958766,0.01608730775002365
2020-10-13,-0.026527355259249652,-0.006526088098592897
2020-10-14,0.0007432642408202739,-0.00628321184354963
2020-10-15,-0.003960613039092897,-0.001235936865597087
2020-10-16,-0.01400066077395179,-0.0006042382510097477
2020-10-19,-0.02554181334732719,-0.015203628076470466
2020-10-20,0.01319166480620293,0.0040058036263905805
2020-10-21,-0.005446061369069444,-0.0018929479634893775
2020-10-22,-0.009583501909377956,0.005485205966102802
2020-10-23,-0.006133773951950028,0.003395412839479084
2020-10-26,8.688972095960423e-05,-0.018479902399213044
2020-10-27,0.013472405826078004,-0.003447537980051818
2020-10-28,-0.046312378262461595,-0.03417901592973416
2020-10-29,0.037050471892018155,0.010163654715107162
2020-10-30,-0.05601819436281397,-0.01042484867452842
2020-11-02,-0.0008264746190576044,0.011208343129572862
2020-11-03,0.015353542417706478,0.017656228423984288
2020-11-04,0.04083669420828984,0.022349093311711643
2020-11-05,0.035493458548842005,0.019502539205458858
2020-11-06,-0.001136001653134322,-0.00022831809928047786
2020-11-09,-0.019967973092533176,0.01256581627506037
2020-11-10,-0.003008969651125848,-0.0014667744981611275
2020-11-11,0.030352665359809627,0.007428520471228994
2020-11-12,-0.0023432623264185715,-0.009700867086703147
2020-11-13,0.00041945072092341995,0.013844407445660067
2020-11-16,0.008720509170963231,0.012482927930677734
2020-11-17,-0.007564585379169264,-0.00537863752199863
2020-11-18,-0.011391281218854687,-0.012034549690787655
2020-11-19,0.00516833975335329,0.004209889803639566
2020-11-20,-0.010957585279241067,-0.0068477255896741696
2020-11-23,-0.029742896780378336,0.005994379649479908
2020-11-24,0.011594520259489594,0.016113776637561195
2020-11-25,0.007466961032071673,-0.0015416563075351108
2020-11-27,0.004826547716213048,0.0027846037511132238
2020-11-30,0.021099732715815556,-0.004426699424845859
2020-12-01,0.03082723859967973,0.010937281914726649
2020-12-02,0.0029334239524749783,0.0021037975389437413
2020-12-03,-0.0011374570943930573,-0.0002727669283337786
2020-12-04,-0.005612468004893234,0.008617710662656153
2020-12-07,0.012269901250553383,-0.0020548625605376625
2020-12-08,0.005091097884662776,0.0029262589348924006
2020-12-09,-0.02090374574088172,-0.008968921340620106
2020-12-10,0.011988724315835197,-0.00032710523177226225
2020-12-11,-0.006734786020859973,-0.0011727574828372944
2020-12-14,-0.005146572569287966,-0.004477061687176542
2020-12-15,0.05009028148627226,0.01351948417756943
2020-12-16,-0.0005473811678916585,0.0015694213058450313
2020-12-17,0.006963398487092043,0.0055918463542941055
2020-12-18,-0.015850631198195853,-0.003992862780994866
2020-12-21,0.012395281975307482,-0.003575634327013022
2020-12-22,0.028464374887089194,-0.0016854237976885456
2020-12-23,-0.006975907531824421,0.0008986309156706618
2020-12-24,0.007712230708835532,0.003890779211791262
2020-12-28,0.0357656536258919,0.008590485852798757
2020-12-29,-0.013314744725352434,-0.0019076917819073058
2020-12-30,-0.008526611809524853,0.0014267523253450598
2020-12-31,-0.007702822412690602,0.005080944730009085
2021-01-04,-0.02471917419476899,-0.01361419821498211
2021-01-05,0.01236368904765861,0.006887540133761361
2021-01-06,-0.03366142233242686,0.005978354716949186
2021-01-07,0.034123304918778796,0.014857548646201257
2021-01-08,0.008631310049340923,0.005697751700782128
2021-01-11,-0.0232490428521136,-0.006740682100692896
2021-01-12,-0.0013954952338521842,0.00021087474845016274
2021-01-13,0.016226482137774667,0.0026931059620400877
2021-01-14,-0.015127169125989326,-0.0035018972962083117
2021-01-15,-0.013730309659791051,-0.007292767354623475
2021-01-19,0.005426939075306336,0.007851897651000916
2021-01-20,0.03285608731086076,0.013838953056956038
2021-01-21,0.036658600642437866,0.0009115746151362458
2021-01-22,0.016073831734990662,-0.003539489749369129
2021-01-25,0.027683368002272557,0.003943767704873036
2021-01-26,0.0016792870259076942,-0.001560837527234904
2021-01-27,-0.007683472664863467,-0.024440241234345184
2021-01-28,-0.03498526464225393,0.008600143538562754
2021-01-29,-0.037420512012338314,-0.02001979939139964
2021-02-01,0.01652019802455773,0.016645603253524488
2021-02-02,0.006336538933894076,0.014140305892616167
2021-02-03,-0.0077785442354216805,0.0007862275545822417
2021-02-04,0.02575791830026697,0.011365373842908033
2021-02-05,-0.003098177157264348,0.003936026685087857
2021-02-08,0.0010970680092814433,0.007222184502602591
2021-02-09,-0.00657382149803265,-0.0006659420465046084
2021-02-10,-0.004558292852865464,-0.0004355490332869083
2021-02-11,-0.001920116266893146,0.001614796799483731
2021-02-12,0.00177553051147461,0.0049399486262795556
2021-02-16,-0.016103866886180707,-0.0008659626420443045
2021-02-17,-0.017643888543469988,0.00022937983880733093
2021-02-18,-0.008636513305594673,-0.004255962612559339
2021-02-19,0.0012332691596956824,-0.0017658579869940239
2021-02-22,-0.02979885838444718,-0.007691754907732995
2021-02-23,-0.0011111175350734248,0.001214183287044479
2021-02-24,-0.004052095958272606,0.011019637286522554
2021-02-25,-0.034782603805150525,-0.02409595808979481
2021-02-26,0.002231579113652238,-0.005152742247307662
2021-03-01,0.05385135940857655,0.024240486364521807
2021-03-02,-0.0208939160520204,-0.0078032978241980855
2021-03-03,-0.02445630857719039,-0.013245734603768211
2021-03-04,-0.015812045398801544,-0.012374821209991338
2021-03-05,0.0107384341944472,0.018396639160051187
2021-03-08,-0.041673623248392966,-0.004978819189692785
2021-03-09,0.04064987452986135,0.014277532483893962
2021-03-10,-0.00916670008888154,0.006224683145872545
2021-03-11,0.016502694966414655,0.01013902803397948
2021-03-12,-0.007625636912167444,0.0013467370054289773
2021-03-15,0.024456807879974063,0.005963610553694876
2021-03-16,0.012743001738201754,-0.0012612854741708146
2021-03-17,-0.0064504936805360735,0.003409821155994086
2021-03-18,-0.033905108240220194,-0.014549583218975148
2021-03-19,-0.0044803866672281645,-0.0018504380785288044
2021-03-22,0.02833582500775056,0.007985024084435244
2021-03-23,-0.006888789362640146,-0.007870666293803175
2021-03-24,-0.019993556589825157,-0.005083405107128791
2021-03-25,0.004163494196409712,0.005625400296594751
2021-03-26,0.005141623119902183,0.016114971878578466
2021-03-29,0.0014850622320563556,-0.0005051625683613059
2021-03-30,-0.01227457122726161,-0.002652824722117142
2021-03-31,0.018765900959824666,0.004053352908494068
2021-04-01,0.006958526509951879,0.010798969758482269
2021-04-05,0.02357715127502935,0.01435324785063008
2021-04-06,0.0024621036193912538,-0.0005908391467761565
2021-04-07,0.013390544706708862,0.0011574356227725957
2021-04-08,0.019233572315032532,0.004746862781607852
2021-04-09,0.020251929175061134,0.007270055840139511
2021-04-12,-0.013233031321635225,0.00036463110084139494
2021-04-13,0.024306268255097185,0.0029636909950689905
2021-04-14,-0.01785289755018815,-0.0034152247018098825
2021-04-15,0.018707810306714423,0.010742415658552718
2021-04-16,-0.002527903851363922,0.003342500289528205
2021-04-19,0.005068270371433092,-0.004913023663013827
2021-04-20,-0.012829795584422765,-0.007321324582526767
2021-04-21,0.002929979320077658,0.00946199035781814
2021-04-22,-0.01168520908539794,-0.009133386138004296
2021-04-23,0.01803854349447631,0.010842549427696024
2021-04-26,0.0029776463088033722,0.0020876219448848765
2021-04-27,-0.002449352374626401,-0.00021555685141783076
2021-04-28,-0.006027497352930067,-0.00028744501528243926
2021-04-29,-0.0007485943771332604,0.006372812298449881
2021-04-30,-0.015132981794930278,-0.006570325436735636
2021-05-03,0.008215267978473495,0.0021567780734479403
2021-05-04,-0.035385597896235854,-0.00616950974731445
2021-05-05,0.0019554846482783272,0.0003127371521280953
2021-05-06,0.01280217775767234,0.00798574339286029
2021-05-07,0.005327757875731365,0.007277825057590226
2021-05-10,-0.025804637941677755,-0.009902176481748404
2021-05-11,-0.007410353634049516,-0.008924824360219685
2021-05-12,-0.024938359473884897,-0.021245196439636405
2021-05-13,0.017919503445791296,0.012012517616397878
2021-05-14,0.019844866574879605,0.01535529074578701
2021-05-17,-0.009258663879964324,-0.0025445262683648773
2021-05-18,-0.011245611150487833,-0.00861570917473753
2021-05-19,-0.0012815464390377729,-0.002621571813585799
2021-05-20,0.021012070812119754,0.01075776082764568
2021-05-21,-0.014767096146962033,-0.0008187549165815655
2021-05-24,0.013314183751571118,0.010194473072813848
2021-05-25,-0.001573497854044259,-0.0022189488063270035
2021-05-26,-0.0003940098183253804,0.001984667188171807
2021-05-27,-0.012376932820799436,0.0005249683541466155
2021-05-28,-0.0053479046747445524,0.0017887718679192588
2021-06-01,-0.002648292055261847,-0.0008808871600972656
2021-06-02,0.006276169187958924,0.0015727312689652884
2021-06-03,-0.012154278677513397,-0.0037114922476492174
2021-06-04,0.019022185999011842,0.009145815506174104
2021-06-07,7.957084665810576e-05,-0.0009701885071321525
2021-06-08,0.006671928732057131,0.0002132958378444627
2021-06-09,0.003077205756004897,-0.0014918239458944216
2021-06-10,-0.008023221375327627,0.004648147076170339
2021-06-11,0.00983245610869421,0.0016525153074027354
2021-06-14,0.024578022034972502,0.0022390433687977662
2021-06-15,-0.006437736731513488,-0.0018341942772247544
2021-06-16,0.0039338503671098035,-0.005583511859304946
2021-06-17,0.012600796064272224,-0.0003316930332309953
2021-06-18,-0.010091641105978044,-0.013490254126321766
2021-06-21,0.014103824692464517,0.014316092008606951
2021-06-22,0.012698469741007745,0.005345964780536727
2021-06-23,-0.002090184711581733,-0.0012053998217301798
2021-06-24,-0.00216860820599285,0.005915822279490834
2021-06-25,-0.0022485827516200985,0.0035521541499297093
2021-06-28,0.012545527413027724,0.002016030526891699
2021-06-29,0.01150065497721764,0.0005380400895484971
2021-06-30,0.004620987480968175,0.000841577651986114
2021-07-01,0.002263610410072836,0.0055366404611241204
2021-07-02,0.019596170568043636,0.007643515383010779
2021-07-06,0.014718849525017674,-0.0018214625765544668
2021-07-07,0.017955157861282656,0.003534174177915128
2021-07-08,-0.009199968497926592,-0.008148174634819427
2021-07-09,0.013055213716479885,0.010674953251165853
2021-07-12,-0.004203866565686165,0.003581879052599435
2021-07-13,0.00788918450827425,-0.003408966692644344
2021-07-14,0.024100407968042914,0.0014921412672053158
2021-07-15,-0.0044918157035395145,-0.003415605699449986
2021-07-16,-0.014075967777425369,-0.007843541193704784
2021-07-19,-0.026914685424658358,-0.014767927073516152
2021-07-20,0.025974390990877616,0.014330445780912804
2021-07-21,-0.005132018550088602,0.008096318690928861
2021-07-22,0.00962879789108273,0.0020943871996930152
2021-07-23,0.011988914624647684,0.010287829777686275
2021-07-26,0.002894845053465822,0.0024547859665009497
2021-07-27,-0.014900510704299985,-0.004557704461245149
2021-07-28,-0.012196064085652658,-0.00040994831654117547
2021-07-29,0.004552295246767368,0.00414732665084494
2021-07-30,0.0015106984360062636,-0.00485635587132216
2021-08-02,-0.0023310380721565105,-0.002098051624591868
2021-08-03,0.012644207254128847,0.008135516220869166
2021-08-04,-0.0027821451109323325,-0.00491906585956714
2021-08-05,0.0007487219045696492,0.006332969478723971
2021-08-06,-0.004767390825548334,0.0016523657737566033
2021-08-09,-0.0003420522644319579,-0.000813301281166634
2021-08-10,-0.0033536012437389573,0.0012437064248809193
2021-08-11,0.0017852460062561804,0.0024850587845370864
2021-08-12,0.020773551998920725,0.0029969441986559264
2021-08-13,0.0014100637056377874,0.00181977822573276
2021-08-16,0.013548196881678631,0.0023546002054788406
2021-08-17,-0.006154000363744583,-0.006555155288192505
2021-08-18,-0.025501252031828847,-0.010945053158983531
2021-08-19,0.002323227354801727,0.001548390656292975
2021-08-20,0.01015671463765333,0.007957219127801674
2021-08-23,0.010257238162540538,0.008796386009641388
2021-08-24,-0.0006014501143756235,0.0015873367243701697
2021-08-25,-0.00842119413877207,0.0020982394229240864
2021-08-26,-0.005527147335159244,-0.005902975726592374
2021-08-27,0.007184688188978106,0.00894101388804458
2021-08-30,0.030417255602553706,0.004397291432818751
2021-08-31,-0.008424923405383256,-0.001481383752136911
2021-09-01,0.004478747164462948,0.0005313342222801332
2021-09-02,0.00747491585715121,0.0030766706676383926
2021-09-03,0.004230454905011394,-0.00024268523559656252
2021-09-07,0.015489099770209958,-0.0035755342940979595
2021-09-08,-0.010083618378243342,-0.001218220281668847
2021-09-09,-0.006704574079231085,-0.004280275140630563
2021-09-10,-0.03310207512080854,-0.007884590875139819
2021-09-13,0.0038933094828816905,0.0025591530886373004
2021-09-14,-0.009561866645114048,-0.005396296125861233
2021-09-15,0.0061435873776438665,0.008352575870049561
2021-09-16,-0.0016104519157137398,-0.0015853576420535864
2021-09-17,-0.01834798064424381,-0.009740865093989193
2021-09-20,-0.021361052921828994,-0.016674223727995763
2021-09-21,0.0034280513978284244,-0.000944812889725033
2021-09-22,0.01687232972547892,0.009754880715742154
2021-09-23,0.006719309610103252,0.012150056767339379
2021-09-24,0.0006128218670837793,0.0016470858666846055
2021-09-27,-0.010550087966116228,-0.0028607121262249624
2021-09-28,-0.02380095802828064,-0.020152036513171434
2021-09-29,0.0064828580389222346,0.0016833105251705671
2021-09-30,-0.009311782234097343,-0.012222629720428313
2021-10-01,0.00812727469773522,0.011884496013020218
2021-10-04,-0.024605746679488005,-0.01289615440427161
2021-10-05,0.014158410652158171,0.0104049652274123
2021-10-06,0.006307021155097514,0.004156245694626248
2021-10-07,0.00908445965302751,0.00864564887677477
2021-10-08,-0.0027217491559514695,-0.0018239134929930456
2021-10-11,-0.0006295663641738836,-0.007239661526824537
2021-10-12,-0.009102915675503809,-0.0024615634632285666
2021-10-13,-0.004239916060233884,0.0035976900036116533
2021-10-14,0.02022516115197126,0.016820567434825184
2021-10-15,0.00751264445627986,0.007615823322465687
2021-10-18,0.011806179920955007,0.0029604832999909902
2021-10-19,0.015080119026370742,0.0077149720970832725
2021-10-20,0.003361119060121265,0.00392776491503577
2021-10-21,0.0014739466742665908,0.002608121774157146
2021-10-22,-0.0052851516386164255,-0.001036211950362298
2021-10-25,-0.0003359761214345447,0.005362969061871503
2021-10-26,0.004574761215514034,0.0008999159874123475
2021-10-27,-0.0031478201666935712,-0.004430173223318734
2021-10-28,0.02499193223158458,0.00964890719165723
2021-10-29,-0.018155526120696597,0.002028935780541641
2021-11-01,-0.0056076594089148335,0.0017203682352882055
2021-11-02,0.00711588310565614,0.004043123546166649
2021-11-03,0.009798911777941122,0.006105276341664023
2021-11-04,-0.0034984693037100056,0.004712576494666054
2021-11-05,0.0035820258788878956,0.0034693224965298697
2021-11-08,-0.0055525417041050185,0.0008538519720149296
2021-11-09,0.002459670167870076,-0.003305395031917513
2021-11-10,-0.01916347899184867,-0.008044900464838745
2021-11-11,-0.00033818158664511433,0.00032371680388521007
2021-11-12,0.014337190835637559,0.007546747695445388
2021-11-15,6.664048870241857e-05,0.0003423783372333844
2021-11-16,0.006666723496161708,0.0039578807644924385
2021-11-17,0.01649003030707341,-0.00242927375880031
2021-11-18,0.028535856624299027,0.0033964777129467105
2021-11-19,0.016976101120937503,-0.0017882799552788597
2021-11-22,0.0029275495112996985,-0.002815416050696351
2021-11-23,0.002422012129428941,0.0013261428157220756
2021-11-24,0.003283408051387493,0.002669852220656299
2021-11-26,-0.03167829901276076,-0.022302962958659966
2021-11-29,0.021873703217507146,0.012266433268219412
2021-11-30,0.03157753171824651,-0.019457502797286752
2021-12-01,-0.003206139880033154,-0.011107176658225248
2021-12-02,-0.006129779926600909,0.015316211550663539
2021-12-03,-0.011724516846571609,-0.008701431415916283
2021-12-06,0.02150267022561847,0.01184329304161702
2021-12-07,0.03544654009981807,0.020684788328741766
2021-12-08,0.02278295388616236,0.002648125490006814
2021-12-09,-0.002970131686704014,-0.0067514864575117794
2021-12-10,0.028013110440480382,0.00941344213780404
2021-12-13,-0.02067400253110263,-0.008858493546453183
2021-12-14,-0.008023257268717221,-0.006879898023013031
2021-12-15,0.028509024581008013,0.015624963874080189
2021-12-16,-0.03926368950141801,-0.008818427804399676
2021-12-17,-0.006501619452988772,-0.010642965397973936
2021-12-20,-0.008122191316958127,-0.010633294257943682
2021-12-21,0.01908685257866205,0.01775897371613011
2021-12-22,0.015318890251217132,0.00999862720516087
2021-12-23,0.0036437411585430457,0.0062221138240174945
2021-12-27,0.022974876025454893,0.014152188876599858
2021-12-28,-0.005767149626031087,-0.0008172681431223294
2021-12-29,0.0005019233727998618,0.0012791749891170046
2021-12-30,-0.006578321703002432,-0.0027644367495692768
2021-12-31,-0.003535305098028796,-0.002520245359592721
2022-01-03,0.025004243700552653,0.0057900612394605755
2022-01-04,-0.012691521274220574,-0.00033494240223186367
2022-01-05,-0.026600164664132397,-0.019202233986543082
2022-01-06,-0.016693080699997753,-0.0009394050259861064
2022-01-07,0.0009883713603668909,-0.003953483484496645
2022-01-10,0.00011629203393237475,-0.001244280246310181
2022-01-11,0.01678358966073934,0.009108175981832334
2022-01-12,0.00257023090484898,0.0027035268777690913
2022-01-13,-0.019027875362130575,-0.013778716763465537
2022-01-14,0.0051103681401225565,0.00040914244996037574
2022-01-18,-0.01889406178134667,-0.017709562506608822
2022-01-19,-0.021024721693945536,-0.010383553675573864
2022-01-20,-0.010347235179248848,-0.011068187234608118
2022-01-21,-0.012765007556918562,-0.019630626218663627
2022-01-24,-0.004864302540549814,0.004246745085386916
2022-01-25,-0.011384614672131144,-0.012208943168183772
2022-01-26,-0.0005632109366956461,-0.0025088411445778336
2022-01-27,-0.0029433149682925874,-0.004937964354781332
2022-01-28,0.06977773886431993,0.024835374553834555
2022-01-31,0.026125472172869868,0.018011214434444867
2022-02-01,-0.0009723832105222874,0.006756844693741382
2022-02-02,0.007044338340784995,0.009714063980549303
2022-02-03,-0.016719955837458778,-0.023504955911496594
2022-02-04,-0.0016793858431588538,0.004702333441337192
2022-02-07,-0.004234481105097165,-0.00320930597073088
2022-02-08,0.018466792615242644,0.008227788955220694
2022-02-09,0.008293665138136896,0.014636044477964516
2022-02-10,-0.02359887139865624,-0.017965624830307503
2022-02-11,-0.02021837809979421,-0.019718715485623983
2022-02-14,0.0014230872589824362,-0.0032693453465170164
2022-02-15,0.023152385009931775,0.01612696305458705
2022-02-16,-0.0013889084171274657,0.0011207716884731322
2022-02-17,-0.021269114124166877,-0.02136144128591677
2022-02-18,-0.009355697815746633,-0.00647497643441064
2022-02-22,-0.01781238250553152,-0.010731755869744952
2022-02-23,-0.025864223489000304,-0.01773864156851024
2022-02-24,0.01668032167642064,0.015049267838540992
2022-02-25,0.01296550990246259,0.022063945280829556
2022-02-28,0.001637662360973513,-0.002558623418920103
2022-03-01,-0.01162786859192766,-0.015230194430961852
2022-03-02,0.020588476667245503,0.018396150929558264
2022-03-03,-0.001981484452752369,-0.0049782717296370516
2022-03-04,-0.01840840486348838,-0.008124773498216609
2022-03-07,-0.023717297495202017,-0.029479132771001226
2022-03-08,-0.011676301843865367,-0.007581681944362262
2022-03-09,0.03499781342182118,0.026810655776500658
2022-03-10,-0.027186207674317897,-0.004515409591178909
2022-03-11,-0.023908817925178516,-0.012714971443586798
2022-03-14,-0.02656241177374663,-0.007308673974288138
2022-03-15,0.02967724191269494,0.02199071084048443
2022-03-16,0.02901559149221944,0.02217406846040859
2022-03-17,0.006453989574001673,0.012511091182216827
2022-03-18,0.020918889888755565,0.010952740484499124
2022-03-21,0.008537852208484686,-0.00029237956555583366
2022-03-22,0.02080035075943254,0.011701360789925674
2022-03-23,0.008233574363697649,-0.01287837068844866
2022-03-24,0.022678137032646317,0.015074272981110193
2022-03-25,0.00373383802565197,0.004883607602698348
2022-03-28,0.005036824671919682,0.007113096561149668
2022-03-29,0.019134261323308532,0.012370841733202464
2022-03-30,-0.006649332286389864,-0.006174819695837885
2022-03-31,-0.01777583877800959,-0.01539139739888662
2022-04-01,-0.0017183509824194587,0.002833930272190699
2022-04-04,0.023693593096753007,0.008566914363539624
2022-04-05,-0.018942051905071144,-0.012631399696672485
2022-04-06,-0.018450813798477905,-0.009999419390858022
2022-04-07,0.001804248426346744,0.005039122190678036
2022-04-08,-0.011909011870652297,-0.002673975489887459
2022-04-11,-0.02551586404870465,-0.01709234316952979
2022-04-12,0.011523348679883583,-0.0037053493635536006
2022-04-13,0.016342544518706426,0.011453704947103738
2022-04-14,-0.029988444997116948,-0.012451827573157215
2022-04-18,-0.0013307630122504355,0.0004110566276913641
2022-04-19,0.014115223821567602,0.016142880538000837
2022-04-20,-0.0010155412418033638,-0.000741616881327789
2022-04-21,-0.004843904357893503,-0.014953720786137437
2022-04-22,-0.027821121020009554,-0.02743886502843007
2022-04-25,0.006737402996961794,0.005797461945994842
2022-04-26,-0.03732820306588358,-0.028960813870797075
2022-04-27,-0.0014667805686138236,0.0028118416830591464
2022-04-28,0.04515573169692155,0.025259421514041147
2022-04-29,-0.03660494069197706,-0.03695576691037483
2022-05-02,0.0019664346808505595,0.006019371451687849
2022-05-03,0.009622495574444612,0.004584116415937478
2022-05-04,0.04100838307588561,0.030453025702853687
2022-05-05,-0.05571597368037928,-0.035542638546063765
2022-05-06,0.004727218360911056,-0.005969037226794205
2022-05-09,-0.03318953554444637,-0.0320171702421671
2022-05-10,0.016112116910385055,0.0023104166460801157
2022-05-11,-0.0518413034345756,-0.015886096750140966
2022-05-12,-0.026894447419553935,-0.0010439969926580028
2022-05-13,0.031916612243682474,0.023907807351981614
2022-05-16,-0.010672220166192736,-0.0040574544737568274
2022-05-17,0.025422741820673167,0.020570232079518247
2022-05-18,-0.056419359726013085,-0.04031148929139061
2022-05-19,-0.02464137816796419,-0.006124719129050327
2022-05-20,0.0017474378308854899,0.0004365619290671585
2022-05-23,0.040119378909590386,0.018710169829766254
2022-05-24,-0.01921629615109033,-0.007633802388901656
2022-05-25,0.0011400501156724197,0.008834863983787189
2022-05-26,0.023199662601872006,0.019981497306039264
2022-05-27,0.04075657327625826,0.024549060484656993
2022-05-31,-0.005346330412281386,-0.005611061173917076
2022-06-01,-0.000873242088346271,-0.008088457250413406
2022-06-02,0.016811373906434612,0.01904355317144124
2022-06-03,-0.038555844747787726,-0.016411711714704902
2022-06-06,0.0052276602615561885,0.003044819890183792
2022-06-07,0.017585970042367283,0.009592220025770981
2022-06-08,-0.005043359886377163,-0.010872266787142926
2022-06-09,-0.035955740636379185,-0.023782633086085414
2022-06-10,-0.03862857556514365,-0.028995751889252075
2022-06-13,-0.038284963372401726,-0.03796811079132956
2022-06-14,0.006672634005411737,-0.0030132926125741033
2022-06-15,0.020111636172856162,0.014256208220741584
2022-06-16,-0.03965124618579585,-0.03309581364858083
2022-06-17,0.01153292631841496,0.0021555293691095656
2022-06-21,0.03276075078675822,0.02517350604608448
2022-06-22,-0.0038272034632649277,-0.0018128084755945073
2022-06-23,0.021573689501651616,0.00980243236045486
2022-06-24,0.02451728736654979,0.03179405796082202
2022-06-27,0.0,-0.0038199145283525082
2022-06-28,-0.029789611261539894,-0.02043251561346837
2022-06-29,0.013023767759516192,-0.0008144935478275883
2022-06-30,-0.018027968599129585,-0.008124388895722867
2022-07-01,0.016164637096691692,0.010576425533675327
2022-07-05,0.018930456730120726,0.0018886721951369978
2022-07-06,0.009607180509205282,0.003377278361903935
2022-07-07,0.023999455091984867,0.014977180060221418
2022-07-08,0.004714640462177178,-0.0008226217090074872
2022-07-11,-0.014757897007872667,-0.011423490120081814
2022-07-12,0.006833665792286947,-0.008848957713929795
2022-07-13,-0.0025363557653157454,-0.005251528403794614
2022-07-14,0.020482461751837766,-0.00242868842856947
2022-07-15,0.011449772027870564,0.019105060541291685
2022-07-18,-0.020642959254946414,-0.008256720325996447
2022-07-19,0.02672200668872282,0.027019096932054953
2022-07-20,0.013509703060679223,0.006372947810280083
2022-07-21,0.01509412412754263,0.010183341799725909
2022-07-22,-0.00811052488328412,-0.009278119407715502
2022-07-25,-0.007398346284063995,0.0012148405776746252
2022-07-26,-0.008826573299021034,-0.011830952804044004
2022-07-27,0.03423498055589502,0.025966250544858793
2022-07-28,0.0035717473711773806,0.012542595613630692
2022-07-29,0.03279289600247948,0.014578660761690676
2022-08-01,-0.006153515798514975,-0.002961271436345614
2022-08-02,-0.009287135157202253,-0.006597420616013094
2022-08-03,0.038247639055023264,0.015659557389982037
2022-08-04,-0.0019265054234389734,-0.0006756248949179033
2022-08-05,-0.0013889809822149601,-0.0016901266490151334
2022-08-08,-0.0029027911518402227,-0.001160837278448179
2022-08-09,0.00030329360846392817,-0.003970887724724093
2022-08-10,0.02619436261504826,0.02100392551651309
2022-08-11,-0.004431382527301131,0.0
2022-08-12,0.021425572713443586,0.016929000056961074
2022-08-15,0.006333404016296118,0.004120668747238376
2022-08-16,-0.0009237358416769315,0.001958620528541566
2022-08-17,0.008784591460404334,-0.007097946444771908
2022-08-18,-0.0022917021237411905,0.0029065603833065
2022-08-19,-0.015101711573680787,-0.013438310054106117
2022-08-22,-0.02302942090911342,-0.020822230501855832
2022-08-23,-0.0020290729689670384,-0.002419378144539075
2022-08-24,0.0017938020087202577,0.0032011873058637175
2022-08-25,0.014922696046297146,0.014117609615689197
2022-08-26,-0.03769924900340682,-0.033849052678295743
2022-08-29,-0.013690220836955702,-0.006612296780415194
2022-08-30,-0.015305278003270972,-0.01097764816431468
2022-08-31,-0.010635022065413335,-0.007609165028000131
2022-09-01,0.004706763181717477,0.003137697837926723
2022-09-02,-0.01361095427783876,-0.010544273921395009
2022-09-06,-0.008215194931228909,-0.0037731727897662992
2022-09-07,0.009253805648173907,0.017964997456616727
2022-09-08,-0.009617727421948996,0.006536296473775849
2022-09-09,0.018839631441484705,0.015535259464898976
2022-09-12,0.03850791404972642,0.010747575976865154
2022-09-13,-0.05867924357982124,-0.04348260591061337
2022-09-14,0.00955523957901594,0.0038158918953978826
2022-09-15,-0.018929902238350116,-0.011353297724718159
2022-09-16,-0.010960125725653858,-0.007628840080804
2022-09-19,0.025082898809507315,0.007755003725878895
2022-09-20,0.015665409727843915,-0.011478461382459115
2022-09-21,-0.0202676327167447,-0.01744376387772717
2022-09-22,-0.006375436632398812,-0.008399891261130277
2022-09-23,-0.015123839122605287,-0.016754855288022896
2022-09-26,0.00226047292062459,-0.009892865747389679
2022-09-27,0.006566305565008701,-0.002552638793315243
2022-09-28,-0.012651752729249344,0.019676375131109314
2022-09-29,-0.04911887020711858,-0.020888920113672826
2022-09-30,-0.030039318908225865,-0.015463742133214331
2022-10-03,0.030752643587491857,0.026401517084661874
2022-10-04,0.025622683157302983,0.03098634354481633
2022-10-05,0.0020534472382363056,-0.0023278855526073228
2022-10-06,-0.00662568612494574,-0.010316106690598348
2022-10-07,-0.03671844917713285,-0.02789371404264329
2022-10-10,0.002355485024396309,-0.007635434239868899
2022-10-11,-0.010255110385928523,-0.00633296842416442
2022-10-12,-0.004604903173787478,-0.0032983196770478562
2022-10-13,0.033613073714084285,0.02639100235474423
2022-10-14,-0.032240106422618986,-0.02278870814818701
2022-10-17,0.029122576747096396,0.025696994973738452
2022-10-18,0.009409772633146352,0.011749459252342831
2022-10-19,0.0007650626709696517,-0.00708642887431532
2022-10-20,-0.0032670037479057834,-0.008385490248387528
2022-10-21,0.02705885856778112,0.024301651555552084
2022-10-24,0.014802985208403063,0.012236356174924579
2022-10-25,0.01933725194850111,0.015968821871958916
2022-10-26,-0.01962699744523544,-0.007534350940819778
2022-10-27,-0.03046540700796796,-0.005339909410397414
2022-10-28,0.07555266468404831,0.023790721437689344
2022-10-31,-0.015410439341455917,-0.0072234505781128
2022-11-01,-0.01754260706225108,-0.004375756994615787
2022-11-02,-0.0373051209447689,-0.025096112301584483
2022-11-03,-0.04240489610384468,-0.010296924222571557
2022-11-04,-0.0019474113942351545,0.014393107913313052
2022-11-07,0.003902310374783502,0.009565588693282168
2022-11-08,0.004174958085809033,0.005395346018511438
2022-11-09,-0.03318989742029854,-0.020602021147777205
2022-11-10,0.08897482647240817,0.05495423593192017
2022-11-11,0.019268561446895482,0.009678402645469042
2022-11-14,-0.009485705988785953,-0.008506676026955429
2022-11-15,0.011869237949776679,0.00852907422984961
2022-11-16,-0.008330900796408303,-0.007628729085257913
2022-11-17,0.012971283290959867,-0.003059972402183475
2022-11-18,0.0037817506589390426,0.00454036877963504
2022-11-21,-0.021680280675635766,-0.003636017137174541
2022-11-22,0.014661218887371374,0.013456899166176095
2022-11-23,0.005926277834624516,0.00630191232566335
2022-11-25,-0.01959347772119857,-0.00022394547746162896
2022-11-28,-0.026264115614446415,-0.01595702653974751
2022-11-29,-0.021148239884443032,-0.0017173871127549312
2022-11-30,0.04859385314625486,0.03150051397440734
2022-12-01,0.00189145994315143,-0.0007358862569770697
2022-12-02,-0.003371544096740231,-0.0011535098327410953
2022-12-05,-0.007983123954333093,-0.017989410254892757
2022-12-06,-0.025369966787468945,-0.014414892446333205
2022-12-07,-0.013784873610452664,-0.0017012033963652584
2022-12-08,0.012132732847556227,0.007834153336030658
2022-12-09,-0.0034348933650640845,-0.007470193719636198
2022-12-12,0.01639000108402211,0.014417183426675306
2022-12-13,0.006782303092444764,0.0075697515830570605
2022-12-14,-0.015535561826198752,-0.006393570516715852
2022-12-15,-0.04685447515838537,-0.02446171958117005
2022-12-16,-0.014578724407613652,-0.011805985497904903
2022-12-19,-0.01590942306442189,-0.008479819542821954
2022-12-20,-0.0005289242879316092,0.0013686226544493696
2022-12-21,0.023809501488708973,0.014952207595738454
2022-12-22,-0.023772804251650625,-0.014266081269806108
2022-12-23,-0.0027979666202019304,0.005752312024736028
2022-12-27,-0.013878295680036179,-0.003943438883556083
2022-12-28,-0.030685276326599453,-0.012427863313451915
2022-12-29,0.028324172064768005,0.018000331980956075
2022-12-30,0.0024690023046494147,-0.0026341255413872
2023-01-03,-0.037404760319486474,-0.004209932760943391
2023-01-04,0.010314395789379649,0.0077201757699632
2023-01-05,-0.010604595819716733,-0.0114133223171895
2023-01-06,0.03679403878709531,0.022932092754429645
2023-01-09,0.004088830563121926,-0.0005669057470593097
2023-01-10,0.0044564019845885205,0.007012984753231866
2023-01-11,0.021112152081875557,0.012647611639255318
2023-01-12,-0.0005991644449151456,0.0036408050255745117
2023-01-13,0.010119271391077378,0.003879568730084104
2023-01-17,0.008755967820964106,-0.0018318330744806488
2023-01-18,-0.005369766177270252,-0.01578798973776263
2023-01-19,0.0004437428135450894,-0.0072798856516314014
2023-01-20,0.019220555594650746,0.018629000147522223
2023-01-23,0.02350070393710002,0.011998542911731969
2023-01-24,0.010063143359773541,-0.0010733437526395662
2023-01-25,-0.004700752853589507,0.0003750557910404684
2023-01-26,0.014803493473643403,0.010990143428313504
2023-01-27,0.013684003075710383,0.002297868431302197
2023-01-30,-0.020077820184909223,-0.01254691763902338
2023-01-31,0.009020746252766498,0.0147032891320249
2023-02-01,0.00790087572256537,0.010627597702106417
2023-02-02,0.037062618144324544,0.01455731741281574
2023-02-03,0.024399625786673873,-0.010629154925661632
2023-02-06,-0.017928646659516656,-0.006111417686471499
2023-02-07,0.01924452397077059,0.013078716200208618
2023-02-08,-0.01765281605472946,-0.010934920062304787
2023-02-09,-0.00691145881009958,-0.00866917503996989
2023-02-10,0.002456182140158525,0.002333769005664621
2023-02-13,0.018806972440010616,0.011738963071654895
2023-02-14,-0.004225086258488497,-0.00046020233017529666
2023-02-15,0.013903366158957375,0.0032473551448395366
2023-02-16,-0.010429487226760736,-0.013768871208629352
2023-02-17,-0.007546563662392147,-0.002498191267418015
2023-02-21,-0.026679925924046777,-0.020060908734684024
2023-02-22,0.0028962160072545373,-0.0013781254000787557
2023-02-23,0.003290467405837605,0.005319459095135981
2023-02-24,-0.018005422919434633,-0.010682339002157537
2023-02-27,0.008247864095576318,0.003405863742802273
2023-02-28,-0.003447802049739601,-0.003695971025802658
2023-03-01,-0.014246054194463786,-0.003835970313547099
2023-03-02,0.004129307558522699,0.007777290051757424
2023-03-03,0.03508982996470955,0.01603775555286502
2023-03-06,0.018539427531717667,0.0006927729276058336
2023-03-07,-0.014496793389121687,-0.015328598884412958
2023-03-08,0.008377395419639777,0.0016320249690708888
2023-03-09,-0.014914503391804779,-0.01844978667740882
2023-03-10,-0.013878920664538552,-0.014429526627396938
2023-03-13,0.013266072615806479,-0.0014252749808146836
2023-03-14,0.014089365427137013,0.016530039127505836
2023-03-15,0.0026211952824977125,-0.00625408560602192
2023-03-16,0.01869419871533151,0.017545005956198567
2023-03-17,-0.00545414941759137,-0.01169269270998885
2023-03-20,0.015484041326596865,0.009615618402872839
2023-03-21,0.011943870124303979,0.013130509085200748
2023-03-22,-0.00910335159886666,-0.017046584696781886
2023-03-23,0.006969510500264953,0.0027034194543809065
2023-03-24,0.008305624542096268,0.006562068798356968
2023-03-27,-0.012293266793989344,0.0018698430867172267
2023-03-28,-0.003980377722677009,-0.002244758949761505
2023-03-29,0.01979073487290628,0.014534978100333662
2023-03-30,0.009889981121271596,0.005855303528700784
2023-03-31,0.01564421453713294,0.014094634098594794
2023-04-03,0.007701715324444969,0.003810529070244373
2023-04-04,-0.0032495839390457304,-0.0055481292398101845
2023-04-05,-0.011290573717709695,-0.0026181608124515865
2023-04-06,0.005496026246923691,0.0039007879068728712
2023-04-10,-0.01597236754749287,0.0010264340082914991
2023-04-11,-0.007591171587247314,0.00026850068843953245
2023-04-12,-0.004353225030254482,-0.004075966226912309
2023-04-13,0.034103809327761914,0.013282685846309095
2023-04-14,-0.0021139391609262814,-0.002442727669612621
2023-04-17,0.00012087037916752585,0.003588257021585939
2023-04-18,0.007504674963555891,0.0006522785889975236
2023-04-19,0.006968208247287722,-0.0001690500710538334
2023-04-20,-0.005846289380658454,-0.005457151387651016
2023-04-21,-0.009780773241760299,0.0007769631466461036
2023-04-24,0.001878556121465369,0.001043250503910853
2023-04-25,-0.009435747416678963,-0.015873852746173256
2023-04-26,-6.125016115976489e-05,-0.004235658721972402
2023-04-27,0.028395442406386362,0.01990789623625333
2023-04-28,0.007540920108069393,0.00853538136963361
2023-05-01,-0.0005301354787626833,-0.0010098010324460782
2023-05-02,-0.006191480509674663,-0.011239095447325598
2023-05-03,-0.00646729380208344,-0.006864169490682914
2023-05-04,-0.009913478353595462,-0.007082838069150887
2023-05-05,0.046926925498802285,0.018512550508219094
2023-05-08,-0.0004035621921890664,0.0002665355610931286
2023-05-09,-0.00997098443173483,-0.004385370113328069
2023-05-10,0.01042089008427527,0.00467224735082139
2023-05-11,0.0010945416602339275,-0.0017438485975007634
2023-05-12,-0.005417456510093177,-0.00131020966278661
2023-05-15,-0.0028973085773376095,0.003449986104051339
2023-05-16,0.0,-0.006682674289061219
2023-05-17,0.003603141462853676,0.012138897314760033
2023-05-18,0.013666180089259683,0.009633187944351418
2023-05-19,0.000628405685499489,-0.0014549705011803749
2023-05-22,-0.005480799550896198,0.00040612781033844136
2023-05-23,-0.01515497331240967,-0.011222857144588039
2023-05-24,0.0016321671546768446,-0.007244685288089525
2023-05-25,0.006692369597567138,0.008659832720260274
2023-05-26,0.014104738997855026,0.012950806544932414
2023-05-30,0.010659315783078105,0.00038091495999892366
2023-05-31,-0.00028196658879020564,-0.005545353471093306
2023-06-01,0.01602273113783892,0.00950106398012518
2023-06-02,0.00477522182536716,0.014461118649287119
2023-06-05,-0.007571016886760096,-0.0019163252562300892
2023-06-06,-0.0020603535974798026,0.002177510061869725
2023-06-07,-0.007756143943031812,-0.0034576567448089124
2023-06-08,0.0154648935077073,0.006048399987688136
2023-06-09,0.00215975029492399,0.00179430694783278
2023-06-12,0.015638966948135602,0.009071945955607674
2023-06-13,-0.002611680218509438,0.006592978728039434
2023-06-14,0.0034914991529089168,0.0011908522041079728
2023-06-15,0.011198580662109547,0.012397566491468393
2023-06-16,-0.005859854804647124,-0.003406170701902078
2023-06-20,0.0004865252160084488,-0.00518818997653081
2023-06-21,-0.005675289043023279,-0.005123679827647165
2023-06-22,0.01652516016852723,0.003609732497254159
2023-06-23,-0.0017110950115285517,-0.007560042389973987
2023-06-26,-0.007553017567647147,-0.004085672286328945
2023-06-27,0.015059047455986851,0.010963110687271627
2023-06-28,0.006327892375030286,0.0005046082628843429
2023-06-29,0.0017964488585080485,0.003941286445279024
2023-06-30,0.023102489718478836,0.011800663052594862
2023-07-03,-0.007784619781334157,0.0011504796932244599
2023-07-05,-0.005871500711759126,-0.001487048820723369
2023-07-06,0.0025089201471304445,-0.007830843289444722
2023-07-07,-0.005891236613271178,-0.002524716450886255
2023-07-10,-0.010855945427447389,0.0025311067778071017
2023-07-11,-0.0028100781864955904,0.006368563471409017
2023-07-12,0.008985519443981849,0.008045932524536559
2023-07-13,0.004057551394686998,0.007936941965867028
2023-07-14,0.0007873642678923876,-0.0006227614568499185
2023-07-17,0.01730546751570805,0.0034721545832785417
2023-07-18,-0.00134033377498477,0.00743054524771547
2023-07-19,0.007071571020562661,0.0022237756799066144
2023-07-20,-0.010097206890529953,-0.006634521333556576
2023-07-21,-0.006161693939558899,0.0
2023-07-24,0.004220110676930844,0.004467181740202442
2023-07-25,0.004513630635201382,0.00273014707887409
2023-07-26,0.004544765751033575,0.00015380172259327196
2023-07-27,-0.006580855885606418,-0.006630005937484418
2023-07-28,0.013508035369337756,0.009790384892540471
2023-07-31,0.0031659733526827605,0.0019040892487898198
2023-08-01,-0.0042758054237055365,-0.0028616106667638253
2023-08-02,-0.015490072594947168,-0.01391084085287353
2023-08-03,-0.007321618625802162,-0.002865946359282945
2023-08-04,-0.048020048050048,-0.004522597960702313
2023-08-07,-0.017253695794727575,0.008728407386868975
2023-08-08,0.005311712518415446,-0.0043486980929984265
2023-08-09,-0.008954473195731838,-0.0066852426524818265
2023-08-10,-0.0012345776475253256,0.0003590167972369329
2023-08-11,0.0003375377015542025,-0.0005831486341709713
2023-08-14,0.009393163338651478,0.0055201027167328665
2023-08-15,-0.011200486681464894,-0.011648864423976613
2023-08-16,-0.004959003529294681,-0.007338206399477021
2023-08-17,-0.014555005461788229,-0.007619840893680285
2023-08-18,0.0028159452110165795,0.00048129538124452864
2023-08-21,0.0077368571456377655,0.006506232911050125
2023-08-22,0.007905106414995311,-0.002708502830508386
2023-08-23,0.021948797781540907,0.011137746650660807
2023-08-24,-0.026170474162876767,-0.013859116984879849
2023-08-25,0.012643037318801786,0.007049834829837565
2023-08-28,0.008846140781626932,0.0063412385170886765
2023-08-29,0.02181031257424193,0.014454796007975723
2023-08-30,0.019172425728063214,0.0041188381855754574
2023-08-31,0.0011722385222801002,-0.0014633133103856277
2023-09-01,0.008463284612303168,0.001865077001427018
2023-09-05,0.0012667221832012299,-0.00432194309429923
2023-09-06,-0.035793380395414576,-0.006722330090805362
2023-09-07,-0.029249351659740075,-0.003070201401246697
2023-09-08,0.003491808872978286,0.0015059492203268743
2023-09-11,0.006622545245221767,0.006576768024554758
2023-09-12,-0.01706064893417958,-0.0054856358913052405
2023-09-13,-0.011854828265495776,0.0011660172184309037
2023-09-14,0.008782542635106694,0.008622256772575776
2023-09-15,-0.0041540311117068685,-0.012048297582953005
2023-09-18,0.016913458920153612,0.0005864873152146011
2023-09-19,0.006180858396364952,-0.0020738225764269647
2023-09-20,-0.019992260070593848,-0.009193322553776362
2023-09-21,-0.008889495286068305,-0.016528309281243825
2023-09-22,0.0049446888928850186,-0.002248708257198917
2023-09-25,0.007380273907946933,0.004205303363737922
2023-09-26,-0.02339831662649161,-0.014691233590584996
2023-09-27,-0.008897545539659824,0.000399138381550479
2023-09-28,0.001525554947559904,0.005797427674593791
2023-09-29,0.003046552791826196,-0.002426952099509716
2023-10-02,0.014835384408415031,-0.00039771812906030934
2023-10-03,-0.007769808462479877,-0.013386034760395571
2023-10-04,0.0073086912893687295,0.007281944745552105
2023-10-05,0.007197968628018581,-0.0003767825160456706
2023-10-06,0.014750509637279086,0.011872826166365202
2023-10-09,0.008451070265373284,0.006402165407255467
2023-10-10,-0.0033520475305073294,0.00520493905855024
2023-10-11,0.007904086879186423,0.004096236599379521
2023-10-12,0.005061013351476129,-0.006096522585715913
2023-10-13,-0.010292570654158228,-0.00498078190957707
2023-10-16,-0.0007269532639485599,0.010521456297737153
2023-10-17,-0.008784635840440091,-4.5922782573981635e-05
2023-10-18,-0.007394979337211671,-0.013325006197333011
2023-10-19,-0.0021609503264997665,-0.008786413220273626
2023-10-20,-0.014704095508037529,-0.012288075713524416
2023-10-23,0.0006940139599318496,-0.0017333355758755165
2023-10-24,0.0025431909675850406,0.007539413531946204
2023-10-25,-0.013491538059905106,-0.01435225056952083
2023-10-26,-0.024605628025831217,-0.011974459473113486
2023-10-27,0.00796948848195922,-0.004532919838079907
2023-10-30,0.012305216201401459,0.011955895257369509
2023-10-31,0.00281873161519397,0.006280242388355672
2023-11-01,0.018738664398951332,0.010664768860745077
2023-11-02,0.020693167330820383,0.019164334340159517
2023-11-03,-0.005180995343328942,0.009123472322346338
2023-11-06,0.014605042162213477,0.002300445364078474
2023-11-07,0.014450791872352209,0.0028460311869635824
2023-11-08,0.005884922597530595,0.0007322590747307345
2023-11-09,-0.0026245383233409747,-0.007798735635196619
2023-11-10,0.023220152636145963,0.015604896477415586
2023-11-13,-0.008583732875027006,-0.0009532327165474586
2023-11-14,0.014285868029707771,0.019400701401830922
2023-11-15,0.0030406894554420028,0.002117118899653825
2023-11-16,0.009042261428024334,0.0012231699046711952
2023-11-17,-0.00010548553210665279,0.0012438433704204943
2023-11-20,0.00927842316140981,0.007697610928033116
2023-11-21,-0.004231000721057865,-0.0021794379164116195
2023-11-22,0.0035145049956628593,0.0038609150905002387
2023-11-24,-0.007004312429001902,0.0006152016883829159
2023-11-27,-0.0009475023634807345,-0.0018008359275411001
2023-11-28,0.0032139217302342704,0.0009900228749251117
2023-11-29,-0.005409498712444449,-0.0007034245439108133
2023-11-30,0.0030626188232274476,0.00393742095706906
2023-12-01,0.006791325401340975,0.005915976821192048
2023-12-04,-0.009464584013712085,-0.005249504209300371
2023-12-05,0.021063264262696668,-0.0001969636980806433
2023-12-06,-0.005687073990547908,-0.00402989749112459
2023-12-07,0.010139410684130823,0.00763034333291035
2023-12-08,0.0074121619642979475,0.004299331536500084
2023-12-11,-0.012927188027013314,0.003889593106403799
2023-12-12,0.00792014350112491,0.004566993302029365
2023-12-13,0.01669148194565717,0.013790450201935922
2023-12-14,0.0007576254361525425,0.00320921487258774
2023-12-15,-0.0027257914219360746,-0.0016465667898450942
2023-12-18,-0.008503279796360785,0.005625132164749136
2023-12-19,0.005360207249383908,0.006080933702302449
2023-12-20,-0.010713907153914182,-0.013857314546095845
2023-12-21,-0.000770034325124791,0.009481889566151258
2023-12-22,-0.0055474743430301565,0.0020097399683320916
2023-12-26,-0.0028408932544353727,0.004222475606067366
2023-12-27,0.000517983101899322,0.0018080697026494619
2023-12-28,0.002226190181615184,0.0003777945759595447
2023-12-29,-0.005424091392017494,-0.0028950461885181022
2024-01-02,-0.03578667856083262,-0.005596319259629667
2024-01-03,-0.007487409282972313,-0.008166659943825372
2024-01-04,-0.012700259680099912,-0.0032210926417146624
2024-01-05,-0.004013025084415478,0.0013697057276729208
2024-01-08,0.02417491077270406,0.014275889965468691
2024-01-09,-0.0022634092583259102,-0.0015171938171328891
2024-01-10,0.005671443027754242,0.00565555706720966
2024-01-11,-0.003222406139430589,-0.00044065924781699906
2024-01-12,0.0017779865280740381,0.0006927792117785714
2024-01-16,-0.012317175541913028,-0.0036713455655822402
2024-01-17,-0.005173356734255008,-0.005558673051844876
2024-01-18,0.03257036191335261,0.008892799666647022
2024-01-19,0.015533204832614445,0.01246623166803218
2024-01-22,0.012163220294826527,0.002114348633203589
2024-01-23,0.006653320215357139,0.0029165082148367993
2024-01-24,-0.003484099274870034,0.0010931697810439012
2024-01-25,-0.0016965379306976835,0.005438949118876879
2024-01-26,-0.009012735851940512,-0.0012705394453215169
2024-01-29,-0.00358583357770903,0.007919417353429603
2024-01-30,-0.019245778353953247,-0.0007735470524883326
2024-01-31,-0.019357800910657308,-0.016317301314265786
2024-02-01,0.013340736539286135,0.013088316753500084
2024-02-02,-0.005405132462502293,0.010527294148113153
2024-02-05,0.009846585164413169,-0.00364122734048955
2024-02-06,0.00863181841817684,0.0029033697679023973
2024-02-07,0.0005811012516196978,0.008340392738878988
2024-02-08,-0.005754567196280869,0.00044162262034497246
2024-02-09,0.004093870017866763,0.005779398925899182
2024-02-12,-0.009001900878722213,-0.00043901627820053246
2024-02-13,-0.011274556547081094,-0.013773026477417183
2024-02-14,-0.00480968820988148,0.009087798666713276
2024-02-15,-0.0015747167696340547,0.006899611008886364
2024-02-16,-0.00843035520801072,-0.004979920100156798
2024-02-20,-0.004113981006769074,-0.005505359592928083
2024-02-21,0.004186015862573722,0.0009058905293377606
2024-02-22,0.011244039868380185,0.02069541033768396
2024-02-23,-0.010034157626170215,0.0006896776717688624
2024-02-26,-0.007451311618464795,-0.0036625528988423195
2024-02-27,0.008114368319515064,0.001857808431802832
2024-02-28,-0.006625469663124051,-0.0013217705217585252
2024-02-29,-0.003693078548003048,0.003595083428270973
2024-03-01,-0.006030259656908621,0.00938809046718836
2024-03-04,-0.025381363231605003,-0.0010722114477281774
2024-03-05,-0.028440905885228962,-0.009994217578793041
2024-03-06,-0.005878299132709652,0.005067154308472377
2024-03-07,-0.0007095195988742198,0.009926535993450836
2024-03-08,0.010236709383779408,-0.0060021960724693235
2024-03-11,0.011831566416096617,-0.0008598592433949337
2024-03-12,0.002778619833305962,0.010757429138864794
2024-03-13,-0.01212257718894405,-0.0015675669345437404
2024-03-14,0.010927270389522903,-0.001976786508576467
2024-03-15,-0.002196524846524106,-0.006866599813079466
2024-03-18,0.0063724288623217,0.005943151203128272
2024-03-19,0.013584984394937383,0.005557133218754062
2024-03-20,0.014709276066076749,0.009249154346058663
2024-03-21,-0.040857525517909665,0.0033048890808689
2024-03-22,0.005310336908360025,-0.0018959103266921185
2024-03-25,-0.008300416240791142,-0.0027628714838927593
2024-03-26,-0.006672587802010521,-0.0018470975843328796
2024-03-27,0.021212583381291283,0.00840390312268502
2024-03-28,-0.010559091965533951,-0.00019096638191007376
2024-04-01,-0.008455781435155463,-0.0017397635078643114
2024-04-02,-0.006998902159629394,-0.006358141584014487
2024-04-03,0.004797587444687945,0.0010984237970976807
2024-04-04,-0.004892397923018099,-0.012206022635286584
2024-04-05,0.004501821688167595,0.010446943395959751
2024-04-08,-0.006663449968601798,0.0005593240789196763
2024-04-09,0.007242428389017563,0.001156652220717369
2024-04-10,-0.011139365811103086,-0.010013018898953119
2024-04-11,0.04327092592072557,0.007546805908249521
2024-04-12,0.0086267001948106,-0.013802985127949308
2024-04-15,-0.021863452302148145,-0.012528222830463842
2024-04-16,-0.01916731391986848,-0.001823749004544739
2024-04-17,-0.008147449518766448,-0.005918240509064643
2024-04-18,-0.005714272621038852,-0.002057726764312262
2024-04-19,-0.012212673146453024,-0.008728310564720898
2024-04-22,0.005090839186387752,0.009209144396545632
2024-04-23,0.00639182995576415,0.011866546393106914
2024-04-24,0.012702283383141166,-0.0004745455404218113
2024-04-25,0.005147219252627844,-0.003798970793799983
2024-04-26,-0.003472879312232502,0.00947394817916547
2024-04-29,0.024808147717117368,0.00354149125067571
2024-04-30,-0.018271028584796456,-0.015841215462753078
2024-05-01,-0.006047059361669271,-0.003247213224846335
2024-05-02,0.02203193072454135,0.009353406639900363
2024-05-03,0.05981629418061418,0.01239542121598003
2024-05-06,-0.009106600017935063,0.010326671740880755
2024-05-07,0.0037970034779666317,0.0011035533801586617
2024-05-08,0.0018641803275158964,9.653608342885533e-05
2024-05-09,0.01001429048098923,0.005761928610811262
2024-05-10,-0.00689019420383441,0.0012882841145740453
2024-05-13,0.017645307602346616,0.0001341423889948956
2024-05-14,0.006173585993408004,0.004588314614428324
2024-05-15,0.012217923131915276,0.012382906116471304
2024-05-16,0.0006324328898170695,-0.002057544692443347
2024-05-17,0.00015802854249824527,0.0014376336953807467
2024-05-20,0.006162139363524943,0.001152163793598282
2024-05-21,0.0068571804804460346,0.002452297789228286
2024-05-22,-0.007538429610945752,-0.002879175127503797
2024-05-23,-0.02105808347372351,-0.007304390634860436
2024-05-24,0.016588234393859258,0.006616510894206007
2024-05-28,5.269132048502101e-05,0.0006989635288412455
2024-05-29,0.0015790376320035104,-0.007002690056326477
2024-05-30,0.005255052933959448,-0.006633526761681496
2024-05-31,0.005018581339208517,0.009108016379930195
2024-06-03,0.009258713446905986,0.000815398053666927
2024-06-04,0.001649342834515899,0.0011178601524610698
2024-06-05,0.007820924331192192,0.011885048486894423
2024-06-06,-0.007096706780433171,-1.8592348722257235e-05
2024-06-07,0.012392289049096394,-0.0012157751177361842
2024-06-10,-0.019147936842743185,0.003089910036459198
2024-06-11,0.07264917555518546,0.0024082193894516823
2024-06-12,0.028578357437015756,0.008212846808953511
2024-06-13,0.005491178240185857,0.0020135331136983403
2024-06-14,-0.008168422466951486,0.0006084359956222141
2024-06-17,0.01967143478446509,0.007958880499648435
2024-06-18,-0.01098440269888512,0.002540819788636739
2024-06-20,-0.02151295403413722,-0.002716531138375
2024-06-21,-0.010444388677546712,-0.001340591814880554
2024-06-24,0.0031325718177475093,-0.0032508556328936233
2024-06-25,0.0044682411130338995,0.0038509640844608395
2024-06-26,0.019993223234552993,0.0012480374665171379
2024-06-27,0.003985998566226057,0.0015765235986733295
2024-06-28,-0.0162542330190677,-0.003934991149435074
2024-07-01,0.02910466154680913,0.002058002885234833
2024-07-02,0.016239958966820955,0.006729739643983157
2024-07-03,0.005811169656708692,0.004462745187068684
2024-07-05,0.021620243265042305,0.005766356666325745
2024-07-08,0.0065388427941917016,0.0011538278736904495
2024-07-09,0.0037747473546192456,0.000972592116235127
2024-07-10,0.01880363524082429,0.009895080949662294
2024-07-11,-0.023220766140675475,-0.00862239232945372
2024-07-12,0.01305085391681704,0.0063076560233277235
2024-07-15,0.01674333167808495,0.0027498973379078695
2024-07-16,0.0017918171409738726,0.005930192553132541
2024-07-17,-0.02529595692033626,-0.01402117447015827
2024-07-18,-0.02053482753266911,-0.007684925119563979
2024-07-19,0.0005800081692257653,-0.006640604914115333
2024-07-22,-0.001560370510190201,0.010309925512624218
2024-07-23,0.004688289896757292,-0.0015685215257669194
2024-07-24,-0.028754364340036864,-0.0226623682878766
2024-07-25,-0.004804423880749087,-0.005210506680668248
2024-07-26,0.0021609107895370627,0.01119971183544255
2024-07-29,0.0012846923369971286,0.0005876651219949292
2024-07-30,0.002566017582142033,-0.00506634976860687
2024-07-31,0.014990833305163598,0.01625470055299938
2024-08-01,-0.016750796622504782,-0.01416102580487788
2024-08-02,0.006869421763694206,-0.018618386879309612
2024-08-05,-0.04816702677120133,-0.029123700429442123
2024-08-06,-0.009748143626240102,0.009219344440583921
2024-08-07,0.012498222871370812,-0.006683818311282286
2024-08-08,0.016633282600105215,0.023117314519645493
2024-08-09,0.013735892014797635,0.004409753201090494
2024-08-12,0.007129974064805644,0.0005254580570117628
2024-08-13,0.0171930954512427,0.01644542173033825
2024-08-14,0.002033524133556952,0.00315472174662057
2024-08-15,0.013530723901729713,0.017140361905951584
2024-08-16,0.005918472518204432,0.0022420918317906935
2024-08-19,-0.0007078535323440382,0.009561482266972732
2024-08-20,0.002744756419186256,-0.0016264477668053168
2024-08-21,-0.00048563557505032495,0.0034366649202624
2024-08-22,-0.00825974819616293,-0.00784846691775154
2024-08-23,0.010288143960685003,0.010625309443622832
2024-08-26,0.0014987302264601876,-0.002383669320842108
2024-08-27,0.0037416579363118707,0.001372987387185498
2024-08-28,-0.006753510960857967,-0.005805250282960306
2024-08-29,0.014570218957451253,8.941059331357692e-05
2024-08-30,-0.0034379505601106475,0.009546210931426602
2024-09-03,-0.027205188425360127,-0.02057910447761191
2024-09-04,-0.008618757393989651,-0.002046876901344641
2024-09-05,0.006927729004683192,-0.002432039258300933
2024-09-06,-0.007015021839538171,-0.016830157923119815
2024-09-09,0.00040758931300821644,0.011196084697615571
2024-09-10,-0.0036213391612934798,0.004355900025068804
2024-09-11,0.011585172302459812,0.010259059943879656
2024-09-12,0.0004939636551462012,0.008423058644316361
2024-09-13,-0.0012121334134114203,0.005222850035786264
2024-09-16,-0.02777512014898187,0.0014767908861665902
2024-09-17,0.0021725715802303203,0.00040856905497976825
2024-09-18,0.017989802215117034,-0.002965730407402778
2024-09-19,0.03706563819421205,0.017064156125134122
2024-09-20,-0.002927454846342714,-0.001728417914774405
2024-09-23,-0.0075811781850468885,0.0024987153275095597
2024-09-24,0.003974004071053416,0.0028614417426078287
2024-09-25,-0.004397961992545718,-0.0022055614600836604
2024-09-26,0.005080072563353966,0.00396474810656211
2024-09-27,0.001186692464857364,-0.0014502544486031388
2024-09-30,0.02287199242722404,0.004007119709575679
2024-10-01,-0.029141669252871205,-0.0089585409225309
2024-10-02,0.0025198005180555594,0.0004220818172222529
2024-10-03,-0.004894664246391289,-0.0018280675094037857
2024-10-04,0.005007421565833559,0.009087269496100392
2024-10-07,-0.022530900043442714,-0.009040457987704142
2024-10-08,0.018404084672839716,0.00945754134781529
2024-10-09,0.016698387693788064,0.006926678900164518
2024-10-10,-0.002178326193022495,-0.001750168552491771
2024-10-11,-0.0065053218105783905,0.005988159557293038
2024-10-14,0.016479883494170622,0.008178343260802023
2024-10-15,0.01102469714902532,-0.007769627818527525
2024-10-16,-0.008851945794639438,0.00434639014938254
2024-10-17,0.0015964027891690602,8.599679784637715e-05
2024-10-18,0.012276566411911327,0.0038463721433594777
2024-10-21,0.006297852749850064,-0.0016423111557383185
2024-10-22,-0.0026217113892336164,-0.0005310922637880022
2024-10-23,-0.02162310070812601,-0.009137319028861723
2024-10-24,-0.0008233943294747581,0.002162726927777525
2024-10-25,0.0036432134192183607,-0.0003454826084204887
2024-10-28,0.008599419886778259,0.0030915338881492005
2024-10-29,0.00115679634468413,0.0016183926419506278
2024-10-30,-0.015277978800643521,-0.003025231334937817
2024-10-31,-0.01820928735665328,-0.01960327281078511
2024-11-01,-0.013279695851820206,0.004220560419274211
2024-11-04,-0.004037539651577382,-0.0021537981146106944
2024-11-05,0.006486127414924603,0.012091817080668754
2024-11-06,-0.0032668770029193883,0.024865690731227685
2024-11-07,0.021372087831926345,0.007731849039205763
2024-11-08,-0.0011881839501586278,0.004331846929586547
2024-11-11,-0.012028602253461695,0.0009528259744473466
2024-11-12,0.0,-0.0031065513171376624
2024-11-13,0.003969128785468401,0.0004859777364116802
2024-11-14,0.013770446309721018,-0.00643012118573405
2024-11-15,-0.014109232673670036,-0.012808710262234735
2024-11-18,0.013422330497605106,0.0040974882082263075
2024-11-19,0.001140197994513814,0.0036553770825054066
2024-11-20,0.003154051100735522,0.0003390095952029437
2024-11-21,-0.002096044896067739,0.005368130030353191
2024-11-22,0.005907517065716572,0.0030993837232957677
2024-11-25,0.013050866677260853,0.0033920482951392827
2024-11-26,0.009404383964558116,0.005221585436747667
2024-11-27,-0.0005530246755524049,-0.003030163234722827
2024-11-29,0.010215817904116964,0.006212065548366841
2024-12-02,0.00952243289808452,0.0017923619377100408
2024-12-03,0.012771908614372274,0.0004640913797882007
2024-12-04,0.0014836324329574602,0.006209293817824868
2024-12-05,0.00012342657163855186,-0.0016456005261014095
2024-12-06,-0.0008229105986794494,0.0018957391595642026
2024-12-09,0.016101164648424593,-0.005149626292031972
2024-12-10,0.004133829504792352,-0.0031091188730399955
2024-12-11,-0.005166122949528007,0.0077306637810579115
2024-12-12,0.005963760948136887,-0.005152593115945736
2024-12-13,0.000685557912040613,-0.00019862181953211877
2024-12-16,0.011727684347941025,0.004269880729197872
2024-12-17,0.009719502294599058,-0.004119848614991817
2024-12-18,-0.021421684428037824,-0.02980357345545892
2024-12-19,0.007014646628176857,-0.00030710529101718453
2024-12-20,0.01881594568295153,0.012010996856451017
2024-12-23,0.003064931760958123,0.005988323763746806
2024-12-24,0.011478028197879686,0.011115065448212613
2024-12-26,0.0031757402583636463,6.652365111459169e-05
2024-12-27,-0.013242149989800334,-0.010526616031051095
2024-12-30,-0.013263429011782124,-0.011411609793855915
2024-12-31,-0.00705793307394853,-0.0036379457138790983
2025-01-02,-0.026235910356350978,-0.0024569380793495466
2025-01-03,-0.0020094212145881363,0.012503365361905328
2025-01-06,0.006738980762493574,0.005760666087019084
2025-01-07,-0.011387752561417774,-0.011304118200672453
2025-01-08,0.0020229636173125787,0.0014608337808474925
2025-01-10,-0.02410379153243869,-0.015267483478643373
2025-01-13,-0.010344109021782733,0.0015506540224949905
2025-01-14,-0.004778187556134017,0.0013759292368293874
2025-01-15,0.01967599717359403,0.018189978739041157
2025-01-16,-0.040400266944386476,-0.001922965233490559
2025-01-17,0.00753536788916076,0.010039846875301794
2025-01-21,-0.031915898536659326,0.009153272551911895
2025-01-22,0.0053449425710163645,0.005621571292272476
2025-01-23,-0.0007595330965467495,0.005458226246474629
2025-01-24,-0.003934451193893351,-0.0029195826103769473
2025-01-27,0.03178016234380676,-0.014145166882109206
2025-01-28,0.03654401695445042,0.008592344588856049
2025-01-29,0.004616809273387368,-0.004482919611252245
2025-01-30,-0.007394687334290495,0.005367078407106485
2025-01-31,-0.006692258213703006,-0.005321949711351581
2025-02-03,-0.03385595001477659,-0.006729649028744955
2025-02-04,0.021007923869700296,0.006708223955237624
2025-02-05,-0.0014175665292441852,0.0040547067463134745
2025-02-06,0.0032262256341100137,0.003475614030269414
2025-02-07,-0.023968793125519916,-0.009153481197679336
2025-02-10,0.0011874440163079925,0.006791192125803924
2025-02-11,0.021831726999336443,0.000760531944440368
2025-02-12,0.018270185287032614,-0.003221595172957281
2025-02-13,0.01967327176214928,0.010557671879154684
2025-02-14,0.012710608563166748,-4.925370981989641e-05
2025-02-18,-0.0005314982077990749,0.0029357672567349447
2025-02-19,0.0016362150092212868,0.002355044800228745
2025-02-20,0.003920413619564744,-0.004160364041450926
2025-02-21,-0.0011390328239199166,-0.01710398133557789
2025-02-24,0.006312423424239322,-0.0045504795244935
2025-02-25,-0.000242810694735085,-0.004973260146939551
2025-02-26,-0.0270401718834844,0.0005048550487694037
2025-02-27,-0.01273084535990976,-0.015962033227799433
2025-02-28,0.0191318806316656,0.015605715974889689
2025-03-03,-0.015754177843735673,-0.017519976873326182
2025-03-04,-0.008822585809370564,-0.011836893452684794
2025-03-05,-0.0008052064299591821,0.010747915551218012
2025-03-06,-0.0017392588705518186,-0.01775120719359835
2025-03-07,0.0158925764180764,0.005604862997103277
2025-03-10,-0.0484795189343693,-0.026635555869501948
2025-03-11,-0.029189402587743385,-0.008312958435207851
2025-03-12,-0.017478635218863614,0.00530655307288197
2025-03-13,-0.03364367204127838,-0.013330418660348009
2025-03-14,0.01817050002422893,0.020655716387676826
2025-03-17,0.002388919616684637,0.007711435998744909
2025-03-18,-0.006121595171071803,-0.010808554653462754
2025-03-19,0.01198938232124358,0.010891006057181185
2025-03-20,-0.005296425228035306,-0.002891692495552989
2025-03-21,0.019476865643276886,0.0003298107168991926
2025-03-24,0.011270448352069362,0.01790844377492129
2025-03-25,0.013681884181385495,0.0024037742901859005
2025-03-26,-0.009921817374971442,-0.011938126986071662
2025-03-27,0.010472641379690062,-0.002655751809027329
2025-03-28,-0.026580295499861295,-0.020138283935378976
2025-03-31,0.019412553869742055,0.00671277169810125
2025-04-01,0.004772000986040137,0.002824468752555598
2025-04-02,0.003136332693514765,0.006328434120566051
2025-04-03,-0.09245610055374764,-0.049280801061123425
2025-04-04,-0.07288742279088833,-0.05854306726048053
2025-04-07,-0.03673424992218577,-0.0017811932094612404
2025-04-08,-0.04981818000622773,-0.015662714676747957
2025-04-09,0.1532884850891707,0.1050192812545172
2025-04-10,-0.042393837760135056,-0.04381910665097133
2025-04-11,0.040594484922186425,0.017842825299162257
2025-04-14,0.02205403800038752,0.009701552505080091
2025-04-15,-0.0018763117439558608,-0.0028009238239182777
2025-04-16,-0.03893332504420033,-0.02222803272207108
2025-04-17,0.013949509921207248,0.0014268092873082061
2025-04-21,-0.01939274398924906,-0.02380270230206527
2025-04-22,0.034065056008802275,0.026017758916625056
2025-04-23,0.02433156707055595,0.015495355748962103
2025-04-24,0.018426155346186412,0.021049134902774158
2025-04-25,0.004367234247518725,0.007225263975707552
2025-04-28,0.004109372565147096,0.0003814141653319947
2025-04-29,0.005091827412437189,0.006299227600181201
2025-04-30,0.006107623740076784,0.000396812712974981
2025-05-01,0.003858944988037516,0.007087027044478056
2025-05-02,-0.03736175662959673,0.014844129127253636
2025-05-05,-0.03145853051229541,-0.0057344033922135385
2025-05-06,-0.0019107109228524433,-0.008358212160090583
2025-05-07,-0.011384692229926552,0.004205436907619653
2025-05-08,0.006318549937574414,0.006967900527213189
2025-05-09,0.005265959267114484,-0.0012743337771213836
2025-05-12,0.06314618483710666,0.03304751134241157
2025-05-13,0.0101523900443945,0.006603834423700716
2025-05-14,-0.002817877344742037,0.0012780596636838837
2025-05-15,-0.004144584871868751,0.004884342398821628
2025-05-16,-0.0008984807257680361,0.006333973690500372
2025-05-19,-0.011739075721298287,0.001093918100038005
2025-05-20,-0.009196255872420789,-0.003362128049795521
2025-05-21,-0.023059123765283074,-0.01685079340484308
2025-05-22,-0.003612241724830323,0.0003946470773714683
2025-05-23,-0.030244309700308447,-0.006825886893621624
2025-05-27,0.02529833309688767,0.020790776540780653
2025-05-28,0.0010488369682313259,-0.00578541447708103
2025-05-29,-0.0023450393879255182,0.003947277340796251
2025-05-30,0.004501166855784389,-0.0011183521919033712
2025-06-02,0.004231968185255619,0.005632901136813695
2025-06-03,0.007783885702387527,0.005702485631296383
2025-06-04,-0.002213824650510565,-0.0002683402981673577
2025-06-05,-0.010797720380636866,-0.004832768555542821
2025-06-06,0.01639824487714092,0.010268874692809238
2025-06-09,-0.012112532119803454,0.0009012828881442836
2025-06-10,0.006055990446562909,0.005669767615193333
2025-06-11,-0.019193643442277586,-0.0028520166647609813
2025-06-12,0.002112841326163073,0.003974226097154476
2025-06-13,-0.013805280225029803,-0.011180166648789513
2025-06-16,0.010028135278388639,0.009514404279455047
2025-06-17,-0.014010734018898074,-0.008545134095127027
2025-06-18,0.004804669485349855,-0.00015063575417118003
2025-06-20,0.02248453964545738,-0.002348535817909503
2025-06-23,0.0024875174867879934,0.009877375905910313
2025-06-24,-0.0059553649555199595,0.011047208993087754
2025-06-25,0.006290653306879612,0.0005603646306042709
2025-06-26,-0.0027783428520183895,0.007823779874487347
2025-06-27,0.00039801193533239854,0.0049683317640052405
2025-06-30,0.020340159867571872,0.004781206068339872
2025-07-01,0.012916154801693835,-0.0003235797161743603
2025-07-02,0.022230794678478327,0.0045333761723596044
2025-07-03,0.005224985464938214,0.007881385172987976
2025-07-07,-0.01685796223455238,-0.0074522132118458595
2025-07-08,0.00028576554438819457,-0.0005476171019968001
2025-07-09,0.005380696032397214,0.005996626767211355
2025-07-10,0.006015023968325428,0.002820211585405019
2025-07-11,-0.00588481171535149,-0.003515227505248797
2025-07-14,-0.012028834934525112,0.0019081170382848622
2025-07-15,0.0023487523440752778,-0.004273265144196681
2025-07-16,0.0050212784395655685,0.0033431911185151097
2025-07-17,-0.0006660714311723659,0.006119689977517551
2025-07-18,0.005523128579167924,-0.0007324129021104575
2025-07-21,0.00615593543453663,0.001896175165666536
2025-07-22,0.009036118108957769,0.0001431211632245688
2025-07-23,-0.0011660239162684105,0.00850744324203112
2025-07-24,-0.0018211179209767225,0.00033114960935609616
2025-07-25,0.0005614158591495944,0.004224349640319147
2025-07-28,0.0007948153451529105,-0.0002511001451916961
2025-07-29,-0.012987595225943172,-0.0026376486020820433
2025-07-30,-0.010507915039244642,-0.001259331011043141
2025-07-31,-0.007079644851470834,-0.0037512265266995692
2025-08-01,-0.02500354482147482,-0.016390466901213152
2025-08-04,0.004792959023176335,0.015199913193138181
2025-08-05,-0.0021145818084247203,-0.005069966077998811
2025-08-06,0.05090668279753996,0.007659581475386812
2025-08-07,0.03179373913382988,-0.000837526803775912
2025-08-08,0.042357895955235314,0.007797475344291982
2025-08-11,-0.008337425180589553,-0.0019774432364148
2025-08-12,0.010872370357086103,0.010646017662282237
2025-08-13,0.016024473911425474,0.003423147456803166
2025-08-14,-0.002357161460252888,9.296545483872265e-05
2025-08-15,-0.005112222817020617,-0.002341290080229208
2025-08-18,-0.0030225879499951036,-0.00021744013365154746
2025-08-19,-0.0014292032878627792,-0.0054252252305696524
2025-08-20,-0.019734590701623533,-0.0026570836306466505
2025-08-21,-0.004911316333835347,-0.004011725826335022
2025-08-22,0.012716805363276906,0.015356788214081707
2025-08-25,-0.002634298654397349,-0.0044010616726667395
2025-08-26,0.009464670754514737,0.004186940142142603
2025-08-27,0.005145914812595631,0.0022785132820093423
2025-08-28,0.008980837064874514,0.003541362732142783
2025-08-29,-0.0018060015285242814,-0.0059636816039791984
2025-09-02,-0.010424716908628007,-0.007410200132466738
2025-09-03,0.03808984120498149,0.005419463056600904
2025-09-04,0.005493363876168944,0.008357456059411517
2025-09-05,-0.00037540658420298634,-0.0028962430390079286
2025-09-08,-0.007551389041256629,0.0024566370092480305
2025-09-09,-0.014839416284502027,0.002311825610804341
2025-09-10,-0.03225946602106422,0.00289075963033647
2025-09-11,0.014286365271970913,0.008310359891924524
2025-09-12,0.01756300955560164,-0.0003347065098450175
2025-09-15,0.01123583763910907,0.005323952420932088
2025-09-16,0.006125935389198034,-0.0013767927852816886
2025-09-17,0.003527220020250743,-0.0012424352925486382
2025-09-18,-0.004644573125239804,0.004672351764394733
2025-09-19,0.03203293872010393,0.004952968179340322
2025-09-22,0.04309567281585802,0.004731007968096224
2025-09-23,-0.006443258425658294,-0.0054434748398075605
2025-09-24,-0.008332350414175016,-0.003181633452613686
2025-09-25,0.018072966979806315,-0.0046134974884720625
2025-09-26,-0.005489100657377954,0.005729144366994232
2025-09-29,-0.004031962461707783,0.0028103664411398555
2025-09-30,0.0007861150085717306,0.0037668667591119753
2025-10-01,0.0032203416899190263,0.0034075694259330103
2025-10-02,0.00657662791005964,0.001151711603039951
2025-10-03,0.003461279462880995,-1.4767362221612679e-05
2025-10-06,-0.005154576259537191,0.003586228910336109
2025-10-07,-0.0008181444267610916,-0.003707492250961897
2025-10-08,0.006160270999708617,0.005963052412792269
2025-10-09,-0.015577801150541859,-0.0028970083792374535
2025-10-10,-0.034522045132806656,-0.02702782789908964
2025-10-13,0.009744359001401026,0.015344074693208754
2025-10-14,0.0004441421356069508,-0.0012216548034567065
2025-10-15,0.006336473629484196,0.004439615866679292
2025-10-16,-0.007579986804138628,-0.006810260525524803
2025-10-17,0.019559457191237417,0.005676300358907982
2025-10-20,0.0394388237214669,0.010400475399621634
2025-10-21,0.002021049273656983,-1.4995920012528252e-05
2025-10-22,-0.016440179021178225,-0.005198815962920711
2025-10-23,0.004372053262009956,0.005929891190499692
2025-10-24,0.012481779466614773,0.008172571104630766
2025-10-27,0.02279127405766279,0.011797712023148943
2025-10-28,0.0007068103233436318,0.002655998956591077
2025-10-29,0.0026022346664624774,0.0004802976988058649
2025-10-30,0.006303229091240592,-0.010998144919191377
2025-10-31,-0.003795042898427692,0.0032802806107155025
2025-11-03,-0.004882257880291285,0.0018766870879645126
2025-11-04,0.003679658451690937,-0.011853539942447533
2025-11-05,0.0003703646251622672,0.003465389196996238
2025-11-06,-0.0013697625428008564,-0.010729333212666003
2025-11-07,-0.0048188791892468386,0.0009845075813768034
2025-11-10,0.004548721603090611,0.015604434791510524
2025-11-11,0.02160110352909128,0.0022891497024457585
2025-11-12,-0.0064667915516215535,0.0005563986064420767
2025-11-13,-0.0019014401037990014,-0.016594021470737852
2025-11-14,-0.00197847614027602,-0.00016358609958400105
2025-11-17,-0.01817114312581336,-0.009316523930962162
2025-11-18,-7.469218596389826e-05,-0.00839746055820656
2025-11-19,0.004187757744410714,0.003863199783587179
2025-11-20,-0.00860139398019577,-0.015242336682765423
2025-11-21,0.01968065895668869,0.009961222976632822
2025-11-24,0.016317525903571717,0.014718507062180475
2025-11-25,0.0038054245067611348,0.00940589965210692
2025-11-26,0.002094015298321983,0.006903575013019525
2025-11-28,0.0046838874009274,0.005458406338614941
2025-12-01,0.01524118957389331,-0.004565415602551193
2025-12-02,0.010914820528252767,0.0018522092741120044
2025-12-03,-0.007128107299873898,0.0034627677932603795
2025-12-04,-0.012141483369261685,0.0007310561539983773
2025-12-05,-0.006840070477014848,0.0018995368427094927
2025-12-08,-0.0031924534677664207,-0.0030042775146746914
2025-12-09,-0.0025550193698475887,-0.0008631449669616043
2025-12-10,0.005772445948890148,0.00663226800901473
2025-12-11,-0.0026902907054526803,0.002326948130527251
2025-12-12,0.0008992558753764257,-0.010752057995096265
2025-12-15,-0.014985035929685031,-0.0015107978831542246
2025-12-16,0.0018241206270945831,-0.00273229759527871
2025-12-17,-0.010086976563313366,-0.011003620102041367
2025-12-18,0.0012875132341483297,0.0075513325776148665
2025-12-19,0.005437456457254575,0.009063445479451815
2025-12-22,-0.0098660198257976,0.006229892278320159
2025-12-23,0.005129726100470355,0.004570454818432879
2025-12-24,0.0053238158353827725,0.0035176203055324873
2025-12-26,-0.0014973530252399003,-0.00010141503224314619
2025-12-29,0.0013168132449112857,-0.003563628207054803
2025-12-30,-0.002483993295382736,-0.0012211007345822589
2025-12-31,-0.004467601499789753,-0.007408967373390696
